tar_name,filepath,hash
timeseries_png_746ecaeb,3_visualize/out/timeseries_AK.png,c35ff62cb56f697f
timeseries_png_d71fd2b7,3_visualize/out/timeseries_AL.png,7a8f0219fb1da437
timeseries_png_96bcd942,3_visualize/out/timeseries_AR.png,5728b11f45cd916a
timeseries_png_3fd02179,3_visualize/out/timeseries_AZ.png,66a82226e5f172c7
timeseries_png_ce74a06a,3_visualize/out/timeseries_CA.png,ba3c37326703a2df
timeseries_png_e7e0773f,3_visualize/out/timeseries_CO.png,3125aff74829e58b
timeseries_png_8923ce7a,3_visualize/out/timeseries_CT.png,6bccff240678fe7a
timeseries_png_c48887fa,3_visualize/out/timeseries_DC.png,d63b62195cc2cee1
timeseries_png_3679065c,3_visualize/out/timeseries_DE.png,93197526e93047ba
timeseries_png_33770b8b,3_visualize/out/timeseries_FL.png,5f3e9d425a71e063
timeseries_png_ea6c1322,3_visualize/out/timeseries_GA.png,12916ea3868af7bb
timeseries_png_5122b489,3_visualize/out/timeseries_HI.png,d218b59e9925cbdb
timeseries_png_126402be,3_visualize/out/timeseries_IA.png,a5d37ce1f794db48
timeseries_png_9c40bc3b,3_visualize/out/timeseries_ID.png,5bb6ee3dc1a71afd
timeseries_png_8b4beccd,3_visualize/out/timeseries_IL.png,3ee54ca1f535098f
timeseries_png_da4c053a,3_visualize/out/timeseries_IN.png,a8eae0362f306b38
timeseries_png_9a5a5094,3_visualize/out/timeseries_KS.png,7d646977d2ed2a13
timeseries_png_5ce60418,3_visualize/out/timeseries_KY.png,2130b1a35118a660
timeseries_png_7e31891d,3_visualize/out/timeseries_LA.png,c64d88e4f64121dc
timeseries_png_c5d3aed0,3_visualize/out/timeseries_MA.png,0dc20b75add4e57c
timeseries_png_f9d132ac,3_visualize/out/timeseries_MD.png,5ae917a651a3e3f4
timeseries_png_38b2981d,3_visualize/out/timeseries_ME.png,b1c4ffac5658aa08
timeseries_png_96466ead,3_visualize/out/timeseries_MI.png,f5459f5b19a81fb2
timeseries_png_e1d76caa,3_visualize/out/timeseries_MN.png,3196c95fa544fe8e
timeseries_png_a37d9b40,3_visualize/out/timeseries_MO.png,ecee65e7bbcdfe0b
timeseries_png_e6056cd4,3_visualize/out/timeseries_MS.png,bcfd96a8a917cadb
timeseries_png_6e7c6f0d,3_visualize/out/timeseries_MT.png,8fc2cde428d7e55f
timeseries_png_beee4db5,3_visualize/out/timeseries_NC.png,f49f262ce6a28560
timeseries_png_eb277717,3_visualize/out/timeseries_ND.png,d7f9a346317bd618
timeseries_png_ded91198,3_visualize/out/timeseries_NE.png,ff77174f12a30d83
timeseries_png_dc396b1e,3_visualize/out/timeseries_NH.png,1ce96d83cfba53cf
timeseries_png_45ecccf5,3_visualize/out/timeseries_NJ.png,c73b0a318e84eb35
timeseries_png_59cab170,3_visualize/out/timeseries_NM.png,bb29701d39b1e8b0
timeseries_png_32d326da,3_visualize/out/timeseries_NV.png,b9f78b8c31c5dc63
timeseries_png_7b962d96,3_visualize/out/timeseries_NY.png,286e1641b41d3b87
timeseries_png_41837f89,3_visualize/out/timeseries_OH.png,c9be3651529e20d4
timeseries_png_0b416361,3_visualize/out/timeseries_OK.png,1f4bbdd419fa67d3
timeseries_png_ba11a63d,3_visualize/out/timeseries_OR.png,cb602c98627a3137
timeseries_png_317833da,3_visualize/out/timeseries_PA.png,149a2ef4cfb4a05f
timeseries_png_f612c501,3_visualize/out/timeseries_PR.png,2ff20ff5d03f6c4d
timeseries_png_cac43d17,3_visualize/out/timeseries_RI.png,07d90eae453921f8
timeseries_png_3cb91035,3_visualize/out/timeseries_SC.png,7cd2c3c052bbb790
timeseries_png_c1670874,3_visualize/out/timeseries_SD.png,25a8e544aa907370
timeseries_png_be9fe967,3_visualize/out/timeseries_TN.png,a5e6ec8fbc95cfb2
timeseries_png_6c9ebe63,3_visualize/out/timeseries_TX.png,6648e60df69de417
timeseries_png_55bb2f27,3_visualize/out/timeseries_UT.png,bbf27e09a8aefa84
timeseries_png_abe77d18,3_visualize/out/timeseries_VA.png,6b0c00bb4668a06c
timeseries_png_97ab8f45,3_visualize/out/timeseries_WA.png,e0f20af41e3afa3a
timeseries_png_dc2945e1,3_visualize/out/timeseries_WI.png,d6232021fee41518
timeseries_png_602178b7,3_visualize/out/timeseries_WV.png,b2e2abbc7258d346
timeseries_png_d6a7f630,3_visualize/out/timeseries_WY.png,3ab2db7d5b466bf3
